Top pages,Clicks,Impressions,CTR,Position
https://sbproperties.uk/,11,3196,0.34%,15.51
https://sbproperties.uk/blog/sell-house-fast-scotland/,2,362,0.55%,23.94
https://sbproperties.uk/sell-my-house-fast-paisley.html,2,97,2.06%,13
https://sbproperties.uk/sell-my-house-fast-clydebank/,2,53,3.77%,35.36
https://sbproperties.uk/sell-my-house-fast-kirkintilloch/,2,33,6.06%,29.45
https://sbproperties.uk/blog/estate-agent-costs-vs-cash-buyer/,1,373,0.27%,4.27
https://sbproperties.uk/blog/selling-inherited-property-scotland/,1,173,0.58%,16.4
https://sbproperties.uk/sell-house-fast-tenanted-property-scotland/,1,107,0.93%,11.5
https://sbproperties.uk/sell-my-house-fast-possilpark/,1,103,0.97%,14.61
https://sbproperties.uk/sell-my-house-fast-springburn.html,1,83,1.2%,12.29
https://sbproperties.uk/sell-house-fast-repossession-scotland/,1,58,1.72%,15.29
https://sbproperties.uk/sell-my-house-fast-maryhill/,1,48,2.08%,5.48
https://sbproperties.uk/privacy/,1,46,2.17%,15.46
https://sbproperties.uk/sell-my-house-fast-east-kilbride/,1,27,3.7%,13.07
https://sbproperties.uk/sell-my-house-fast-stirling/,1,20,5%,20.15
https://sbproperties.uk/sell-my-house-fast-paisley/,0,260,0%,15.68
https://sbproperties.uk/sell-house-fast-needs-work-glasgow/,0,219,0%,38.25
https://sbproperties.uk/sell-my-house-fast-east-end-glasgow/,0,173,0%,35.63
https://sbproperties.uk/blog/stop-house-repossession-scotland/,0,161,0%,22.75
https://sbproperties.uk/sell-my-house-fast-maryhill.html,0,143,0%,7.55
https://sbproperties.uk/sell-my-house-fast-dumbarton/,0,93,0%,24.18
https://sbproperties.uk/sell-house-fast-probate-scotland/,0,92,0%,20.99
https://sbproperties.uk/sell-my-house-fast-possilpark.html,0,60,0%,3.37
https://sbproperties.uk/sell-my-house-fast-pollokshields/,0,57,0%,25.53
https://sbproperties.uk/sell-my-house-fast-coatbridge/,0,54,0%,19.3
https://sbproperties.uk/sell-house-fast-divorce-scotland/,0,50,0%,9.26
https://sbproperties.uk/sell-my-house-fast-dumfries/,0,39,0%,5.36
https://sbproperties.uk/sell-my-house-fast-kirkintilloch.html,0,39,0%,15.21
https://sbproperties.uk/sell-my-house-fast-falkirk/,0,35,0%,33.89
https://sbproperties.uk/sell-my-house-fast-bishopbriggs/,0,31,0%,28.77
https://sbproperties.uk/sell-my-house-fast-dennistoun/,0,30,0%,45.37
https://sbproperties.uk/sell-my-house-fast-springburn/,0,28,0%,22.54
https://sbproperties.uk/blog/,0,27,0%,3.63
https://sbproperties.uk/sell-my-house-fast-bishopbriggs.html,0,27,0%,11.3
https://sbproperties.uk/blog/estate-planning-glasgow/,0,26,0%,12.88
https://sbproperties.uk/sell-my-house-fast-wishaw/,0,25,0%,31
https://sbproperties.uk/sell-my-house-fast-shettleston/,0,24,0%,54.04
https://sbproperties.uk/sell-my-house-fast-bearsden/,0,22,0%,19.59
https://sbproperties.uk/sell-my-house-fast-drumchapel/,0,19,0%,36.63
https://sbproperties.uk/sell-my-house-fast-west-end-glasgow/,0,18,0%,53
https://sbproperties.uk/blog/how-long-to-sell-house-glasgow/,0,15,0%,6.4
https://sbproperties.uk/privacy.html,0,13,0%,16.62
https://sbproperties.uk/sell-my-house-fast-cambuslang/,0,13,0%,17
https://sbproperties.uk/sell-my-house-fast-hamilton/,0,12,0%,20.25
https://sbproperties.uk/sell-my-house-fast-govan.html,0,10,0%,5.1
https://sbproperties.uk/blog/empty-property-costs-glasgow/,0,10,0%,8.7
https://sbproperties.uk/sell-my-house-fast-motherwell/,0,8,0%,43.25
https://sbproperties.uk/blog/selling-rental-property-glasgow/,0,7,0%,8.57
https://sbproperties.uk/sell-my-house-fast-rutherglen/,0,7,0%,9.71
https://sbproperties.uk/sell-my-house-fast-ayrshire/,0,4,0%,7.5
https://sbproperties.uk/sitemap.xml,0,3,0%,5.67
https://sbproperties.uk/sell-my-house-fast-govan/,0,3,0%,11.33
https://sbproperties.uk/terms/,0,3,0%,61
https://sbproperties.uk/sell-my-house-fast-bearsden.html,0,2,0%,12
https://sbproperties.uk/sell-my-house-fast-partick/,0,1,0%,4