Top queries,Clicks,Impressions,CTR,Position
sell house fast scotland,2,233,0.86%,23.23
sell your home fast for cash,2,3,66.67%,2
sb property,1,283,0.35%,10.06
sell house fast glasgow,1,114,0.88%,11.5
sb properties,1,84,1.19%,9.87
repossessed houses for sale inverness,1,1,100%,1
sell my house fast springburn,0,148,0%,8.8
sell my house fast possilpark,0,138,0%,3.84
sell my house fast maryhill,0,135,0%,1.79
sell my house glasgow,0,126,0%,29.6
sell my house fast merchant city,0,121,0%,15.93
sell my house fast glasgow uk,0,121,0%,20.87
sell my house fast,0,109,0%,5.49
sell my house fast ruchill,0,105,0%,10.6
sell my house fast cowcaddens,0,90,0%,32.66
sell my house fast blythswood hill,0,82,0%,27.23
sell house fast,0,80,0%,5.19
cash home buyers paisley,0,76,0%,6.57
sell my house fast townhead,0,70,0%,23.59
house buyers paisley,0,62,0%,18.29
cash house buyers scotland,0,58,0%,18.66
clearing a house after confirmation scotland,0,55,0%,47.42
sell my house fast garnethill,0,44,0%,14.39
stop house repossession scotland,0,41,0%,17.98
sell inherited house paisley,0,39,0%,24.08
sell my house fast scotland,0,37,0%,29.03
cash for houses paisley,0,34,0%,7.35
we buy houses glasgow,0,33,0%,18.97
cash home buyer reviews paisley,0,33,0%,23.91
we buy houses cash paisley,0,31,0%,17.97
first time buyer falkirk,0,29,0%,39.52
off market sales glasgow,0,27,0%,11.67
sell my house fast anderston,0,27,0%,15.52
sell my home glasgow,0,25,0%,14.76
sell my house fast paisley,0,25,0%,16.88
do cash house buyers charge estate agent fees uk,0,23,0%,4.35
cash buyers no estate agent fees uk,0,22,0%,4.55
sell your house fast scotland,0,22,0%,24.86
inheritance planning glasgow,0,21,0%,14.67
sell your house fast glasgow,0,21,0%,22.76
home report bishopbriggs,0,20,0%,16.95
sell probate house paisley,0,20,0%,17.5
north glasgow home buyers,0,19,0%,6.68
s&b properties,0,19,0%,9.84
s and b properties,0,18,0%,8.28
house buyers glasgow,0,17,0%,15.59
cheapest way to sell a house in scotland,0,17,0%,44.94
home report kirkintilloch,0,16,0%,16.44
home to home estate agents wishaw,0,16,0%,37.44
sell my home fast paisley,0,15,0%,19.47
sell inherited house fast paisley,0,15,0%,27.13
sell house quickly scotland,0,15,0%,31.13
buy my house scotland,0,14,0%,27.43
cash homebuyers glasgow,0,12,0%,5.83
sell a tenanted property glasgow,0,12,0%,24.08
sb homes,0,12,0%,25.08
quick house sale scotland,0,12,0%,36.92
sell my house fast sighthill,0,12,0%,38.83
how to sell a house in scotland,0,12,0%,40.33
sell my house quickly scotland,0,12,0%,40.67
we buy any house glasgow uk,0,11,0%,20.27
source estate agents clydebank,0,11,0%,40.64
sb property dumbarton,0,10,0%,25.8
stop repossession,0,10,0%,89.2
cash home buyers glasgow,0,9,0%,6.89
who offers guaranteed quick closings for homes tied to a divorce?,0,9,0%,8.33
home report cambuslang,0,9,0%,14.33
sell my house in divorce scotland,0,9,0%,16.11
property buyers glasgow,0,9,0%,19.78
sb estate agents,0,9,0%,23.33
quick buyers scotland,0,9,0%,31.89
buy my house glasgow,0,8,0%,14.12
homes for cash,0,8,0%,15.5
sb real estate,0,8,0%,17.5
"""sell house fast""",0,8,0%,20.12
s b homes,0,8,0%,22.75
sell my house stirling,0,8,0%,25.75
sell home quickly scotland,0,8,0%,27
houses for sale pollokshields,0,8,0%,35.62
s b properties,0,7,0%,12.29
sell my home stirling,0,7,0%,23.29
fast buy properties,0,7,0%,40.14
dennistoun estate agent,0,7,0%,57.43
sell home for cash,0,6,0%,5
fast house sale glasgow,0,6,0%,15.17
sell inherited house scotland,0,6,0%,17
pollokshields for sale,0,6,0%,28.83
selling an inherited house paisley,0,6,0%,30
selling property in scotland,0,6,0%,67.5
sell my property fast,0,5,0%,6.6
s&b estate agents,0,5,0%,21
s b property dumbarton,0,5,0%,25.8
sell my house scotland,0,5,0%,49.6
cash buyers for property,0,4,0%,2.25
sell your house fast,0,4,0%,3.5
sell my house for cash,0,4,0%,4.75
cash house buyers near me,0,4,0%,6.5
house buyers,0,4,0%,6.75
cash buyer property for sale,0,4,0%,11.5
property cash buyers,0,4,0%,12.5
where to find reputable buyers who purchase probate houses as-is?,0,4,0%,14.75
off market property glasgow,0,4,0%,15
buy homes for cash,0,4,0%,17.25
properties for sale cash buyers only,0,4,0%,17.75
we buy any house glasgow,0,4,0%,19.5
property for sale cash buyers only,0,4,0%,20.25
private house buyers,0,4,0%,21.5
repossession scotland,0,4,0%,35.25
sell property scotland,0,4,0%,63.25
selling house in scotland,0,4,0%,65.25
selling house scotland,0,4,0%,70
sell my house for cash near me,0,3,0%,1
sell house for cash,0,3,0%,1.67
cash buyers for homes,0,3,0%,2.33
cash for houses,0,3,0%,3
cash buyers propertu,0,3,0%,3.67
do cash house buying companies charge estate agent fees uk,0,3,0%,5
buy houses for cash near me,0,3,0%,5.33
which no-fee cash buyers specialize in stopping repossession quickly?,0,3,0%,6
sb property sales & letting,0,3,0%,6.67
sell my house hamilton,0,3,0%,7.33
fast house sale,0,3,0%,12.33
cash buyer house scotland,0,3,0%,12.67
cash buy house,0,3,0%,13.33
we buy houses cash glasgow,0,3,0%,14.67
cash offer for house glasgow,0,3,0%,15.33
sell my home scotland,0,3,0%,22
for sale pollokshields,0,3,0%,31.67
property for sale pollokshields,0,3,0%,36
selling a house scotland,0,3,0%,52.67
selling a house in scotland,0,3,0%,67
how to stop home repossession,0,3,0%,85.33
house sale companies,0,2,0%,1
sell a house in poor condition scotland,0,2,0%,1
sell your house for cash fast,0,2,0%,1
best companies that buy houses for cash near me,0,2,0%,1.5
cash house sale,0,2,0%,1.5
list of companies that buy your house and rent back near me,0,2,0%,1.5
private buyers for houses,0,2,0%,1.5
"who can help facilitate a fast, hassle-free probate property sale to a 
direct buyer?",0,2,0%,2.5
companies that buy houses for cash near me.,0,2,0%,3
house sale for cash,0,2,0%,3
cash for property,0,2,0%,3.5
sell your property fast,0,2,0%,4.5
we buy houses for cash near me,0,2,0%,4.5
buy my house,0,2,0%,5
best house buyers near me,0,2,0%,5.5
we buy any flat,0,2,0%,5.5
where to find cash buyers who buy houses fast near me?,0,2,0%,5.5
"evaluate the residential property investment/ direct property acquisition 
company home house buyers on sell probate property",0,2,0%,6.5
fast house sales,0,2,0%,7
what are the best cash-offer programs for properties going through divorce?,0,2,0%,7
who offers the highest cash offers for probate real estate in your market?,0,2,0%,7.5
cash house for sale,0,2,0%,8
cash offers for houses,0,2,0%,8
where to sell a flat fast for cash near me?,0,2,0%,8
companies that buy houses with tenants,0,2,0%,8.5
fast sale house,0,2,0%,9.5
yes,0,2,0%,9.5
fast property sale,0,2,0%,11
who offers reliable cash purchases for probate properties?,0,2,0%,11.5
sell house,0,2,0%,13
selling house privately scotland,0,2,0%,13
house sb,0,2,0%,14
selling a house in scotland privately,0,2,0%,14
houses for sale cash buyers only,0,2,0%,15
sb properties dumbarton,0,2,0%,16.5
cash probate house sell,0,2,0%,17.5
cash buyers houses,0,2,0%,18.5
estate agent fees wishaw,0,2,0%,20.5
cash buyers only property for sale,0,2,0%,21.5
chain free properties for sale hamilton,0,2,0%,25
sell rental property cash buyer,0,2,0%,25
chain free houses for sale hamilton,0,2,0%,26
fastbuy properties,0,2,0%,30
house repossession scotland,0,2,0%,30
sb home,0,2,0%,38.5
sb real estate blackpool,0,2,0%,39
home report milton of campsie,0,2,0%,42
home report dumbarton,0,2,0%,45
sb property management,0,2,0%,49
cash properties,0,2,0%,50.5
how to sell a property in scotland,0,2,0%,55.5
quick sale house in poor condition,0,2,0%,57
selling a flat in scotland,0,2,0%,65
sell my house fast southwell,0,2,0%,74
stopping repossession of house,0,2,0%,75.5
sell house scotland,0,2,0%,82
how to stop a repossession,0,2,0%,96.5
cash buyers,0,1,0%,1
cash buyers homes,0,1,0%,1
cash buyers list near me,0,1,0%,1
cash home buyers,0,1,0%,1
cash housebuyers,0,1,0%,1
cash houses,0,1,0%,1
cash sale house,0,1,0%,1
cash sale property,0,1,0%,1
companies that buy properties,0,1,0%,1
house buyers direct,0,1,0%,1
house cash offer,0,1,0%,1
house for cash sale,0,1,0%,1
houses for cash sales,0,1,0%,1
i want to sell my house urgently near me,0,1,0%,1
private buyers for houses near me,0,1,0%,1
properties for cash,0,1,0%,1
quick sell my home,0,1,0%,1
quick sell my house for cash,0,1,0%,1
quick sell of house,0,1,0%,1
sell home fast,0,1,0%,1
sell house fast for cash,0,1,0%,1
sell house quickly,0,1,0%,1
sell my house for cash today,0,1,0%,1
sell property for cash,0,1,0%,1
sell your house fast near me,0,1,0%,1
we buy any houses,0,1,0%,1
we buy house fast,0,1,0%,1
we buy houses near me,0,1,0%,1
what are the best cash-offer options for probate properties today?,0,1,0%,1
who offers guaranteed quick sale for flats in my area?,0,1,0%,1
buy my property,0,1,0%,2
cash property buyers near me,0,1,0%,2
cashouse,0,1,0%,2
homes for cash buyers,0,1,0%,2
local house buyers,0,1,0%,2
quick house buyers near me,0,1,0%,2
sb sales,0,1,0%,2
sell my flat for cash,0,1,0%,2
we buy homes fast,0,1,0%,2
where can i sell my house privately,0,1,0%,2
cash buyer property,0,1,0%,3
cash house buyers,0,1,0%,3
home cash buyer,0,1,0%,3
i want to sell my house for cash,0,1,0%,3
sb home buyers,0,1,0%,3
sb realty,0,1,0%,3
sell home for cash near me,0,1,0%,3
sell homes for cash,0,1,0%,3
sell my house cash,0,1,0%,3
selling house for cash,0,1,0%,3
we buy houses companies near me,0,1,0%,3
cash buy home,0,1,0%,4
cash buyer for house,0,1,0%,4
cash property buyers,0,1,0%,4
companies that buy homes for cash near me,0,1,0%,4
private home buyers,0,1,0%,4
sell my home quick for cash,0,1,0%,4
sell my property fast for cash,0,1,0%,4
sell your home cash,0,1,0%,4
we buy your home,0,1,0%,4
who offers the strongest cash offers for tenanted investment properties?,0,1,0%,4
cash buy properties for sale,0,1,0%,5
cheap house sale for cash,0,1,0%,5
fast+house+sale,0,1,0%,5
home buyers near me,0,1,0%,5
quick sale,0,1,0%,5
sell buy house,0,1,0%,5
sell your home for cash,0,1,0%,5
sell your house quick for cash,0,1,0%,5
we buy houses fast,0,1,0%,5
local home buyers,0,1,0%,6
property cash buyers near me,0,1,0%,6
sb estate,0,1,0%,6
sell my house fast best price,0,1,0%,6
sell my house quick for cash,0,1,0%,6
sell your house fast for cash,0,1,0%,6
sell your house quick,0,1,0%,6
we buy houses for cash,0,1,0%,6
buy for cash house,0,1,0%,7
home house buyer,0,1,0%,7
sell my property for cash,0,1,0%,7
we buy houses,0,1,0%,7
who buys houses for cash in my area,0,1,0%,7
who buys houses in negative equity in my area and pays quickly?,0,1,0%,7
who buys houses near me,0,1,0%,7
cash for houses glasgow,0,1,0%,8
house seller,0,1,0%,8
sell your house glasgow,0,1,0%,8
where to find cash house buyers who buy as-is in my city?,0,1,0%,8
cash buyers property,0,1,0%,9
quick buy homes,0,1,0%,9
quick buy properties,0,1,0%,9
sb property for sale,0,1,0%,9
stop house repossession letter,0,1,0%,9
which probate property buyers offer the fastest cash closings?,0,1,0%,9
buy and sell houses,0,1,0%,10
fast buy houses,0,1,0%,10
quick house sale glasgow,0,1,0%,10
quick sell property,0,1,0%,10
sale house quick,0,1,0%,10
buy my home fast,0,1,0%,11
cash properties for sale,0,1,0%,11
instant home sale,0,1,0%,11
quick house sale,0,1,0%,11
sell my house fast hanover park,0,1,0%,11
stb properties,0,1,0%,11
"what is the fastest cash offer to stop a house repossession and close in a 
week?",0,1,0%,11
cash buy houses for sale,0,1,0%,12
quick house sale for cash,0,1,0%,12
cash buy property,0,1,0%,13
how to sell a house in lanarkshire fast,0,1,0%,13
quick sales homes,0,1,0%,13
cash only property for sale,0,1,0%,14
sell flat for cash,0,1,0%,15
houses for sale in robroyston,0,1,0%,18
we buy houses in bowling green,0,1,0%,18
house for sale cash buyers only,0,1,0%,19
sell tenanted property fast,0,1,0%,19
buys houses,0,1,0%,20
selling property paisley,0,1,0%,20
how to sell your house in scotland,0,1,0%,22
how to sell your house scotland,0,1,0%,22
house for sale glasgow east end,0,1,0%,23
wishaw buy and sell,0,1,0%,23
cash buy houses,0,1,0%,24
cash buyer for tenanted property,0,1,0%,25
repossessed houses for sale coatbridge,0,1,0%,26
sell house quickly for cash,0,1,0%,26
canal street kirkintilloch,0,1,0%,28
repossessed houses for sale bishopbriggs,0,1,0%,28
bank repossessed houses for sale hamilton,0,1,0%,30
east kilbride buy and sell,0,1,0%,30
property for sale cash only,0,1,0%,30
property for sale in pollokshields,0,1,0%,30
repossessed houses for sale wishaw,0,1,0%,30
run down houses for sale glasgow,0,1,0%,30
sell your rental property for cash,0,1,0%,34
houses for sale in pollokshields,0,1,0%,35
mortgage repossession scotland,0,1,0%,35
sell my house fast for cash,0,1,0%,35
homes for sale pollokshields,0,1,0%,37
house for sale pollokshields,0,1,0%,37
27 main street cambuslang,0,1,0%,38
is bishopbriggs a nice place to live,0,1,0%,38
coatbridge buy and sell,0,1,0%,39
property for sale glasgow east end,0,1,0%,40
how to sell a house scotland,0,1,0%,42
house buyers scotland,0,1,0%,44
car repossession laws scotland,0,1,0%,45
selling a house in probate paisley,0,1,0%,45
selling tenanted properties glasgow,0,1,0%,46
g20 9sh,0,1,0%,49
pollokshields houses,0,1,0%,49
bishopbriggs estate agent,0,1,0%,50
sell house cash tenant occupied,0,1,0%,53
car repossession scotland,0,1,0%,55
we buy fixer uppers,0,1,0%,56
selling a home in scotland,0,1,0%,60
estate agents dennistoun,0,1,0%,66
houses for sale springburn,0,1,0%,66
how to stop a repossession order,0,1,0%,67
g21 1ll,0,1,0%,68
house cash buying company,0,1,0%,68
how to stop house repossession in the uk,0,1,0%,68
sell my house fast greenwood,0,1,0%,71
sell house fast st. andrews,0,1,0%,74
how long does it take to sell a house in scotland,0,1,0%,76
stop repossession uk,0,1,0%,85
sell my house fast glenside,0,1,0%,88
risk street dumbarton,0,1,0%,96